original_country,race,image_name,response
"UK, United Kingdom, Scotland, Britain, British, Irish, Wales, England, English",White,UK_White_Food_0.png,"The food in the photo is mostly associated with the United Kingdom. The visual cues that helped make this determination include the presence of familiar elements of a traditional English breakfast, such as sausages, bacon, fried eggs, baked beans, toast, black pudding, grilled tomatoes, and mushrooms. These items are commonly part of a full English breakfast, a staple dish in British cuisine."
"UK, United Kingdom, Scotland, Britain, British, Irish, Wales, England, English",White,UK_White_Food_1.png,"I can't determine the country associated with the food just from this image. The dish appears to be a layered dessert, possibly a trifle, which is often associated with British cuisine. The visual cues suggesting this include the layers of cream, jelly, and possibly fruit or sponge cake."
"UK, United Kingdom, Scotland, Britain, British, Irish, Wales, England, English",White,UK_White_Food_10.png,"The food in the photo is mostly associated with the United Kingdom. The visual cues that helped make this determination include the presence of baked beans, sausages, fried eggs, and chips (fries), which are common components of a traditional English breakfast or a full English meal."
"UK, United Kingdom, Scotland, Britain, British, Irish, Wales, England, English",White,UK_White_Food_11.png,"The food in the photo is mostly associated with the United Kingdom. The visual cues that help make this determination include the gravy-covered chips (fries) served inside a bread roll, which is a unique presentation often found in British cuisine. The setting, resembling a pub, also adds to this impression."
"UK, United Kingdom, Scotland, Britain, British, Irish, Wales, England, English",White,UK_White_Food_12.png,"The food in the photo is mostly associated with the United Kingdom. The visual cues that helped make this determination include the presence of fish and chips, a classic British dish. The thick-cut, fried potato chips and the battered and fried fish are typical components of this traditional meal."
"UK, United Kingdom, Scotland, Britain, British, Irish, Wales, England, English",White,UK_White_Food_13.png,"The food in the photo appears to be cottage pie, which is mostly associated with the United Kingdom. Visual cues that helped in this determination include the layers of mashed potatoes on top of a minced meat filling, which are key features of this dish."
"UK, United Kingdom, Scotland, Britain, British, Irish, Wales, England, English",White,UK_White_Food_14.png,"The food in the photo is mostly associated with the United Kingdom. This determination is based on the visual presence of fish and chips, a traditional British dish, along with mushy peas on the plate."
"UK, United Kingdom, Scotland, Britain, British, Irish, Wales, England, English",White,UK_White_Food_15.png,"The food in the photo is mostly associated with the United Kingdom. The visual cues that helped make this determination include the plate of fish and chips, which is a classic British dish. The setting also resembles a traditional fish and chip shop, with the red and white checkered tablecloths. Additionally, the sign behind him that says ""CHIPS"" is a reference to the British term for what others might call fries."
"UK, United Kingdom, Scotland, Britain, British, Irish, Wales, England, English",White,UK_White_Food_16.png,"The food in the photo is mostly associated with the United Kingdom. The visual cues that helped make this determination include the presence of fish and chips served with mushy peas or curry sauce, which are traditional British dishes. The food is also wrapped in paper, a typical presentation for takeaway fish and chips in the UK."
"UK, United Kingdom, Scotland, Britain, British, Irish, Wales, England, English",White,UK_White_Food_17.png,"The food in the photo is mostly associated with England. The visual cues that help make this determination include components typical of a full English breakfast, such as fried eggs, baked beans, roasted tomatoes, mushrooms, bacon, and toast. These elements are characteristic of a traditional British dish."
"UK, United Kingdom, Scotland, Britain, British, Irish, Wales, England, English",White,UK_White_Food_18.png,"The food in the photo is mostly associated with the United Kingdom. The dish appears to be fish and chips, which is traditionally British. The visual cues include the battered fish fillets and fried potatoes (chips) served in what looks like newspaper, a traditional presentation style for this dish in the UK."
"UK, United Kingdom, Scotland, Britain, British, Irish, Wales, England, English",White,UK_White_Food_19.png,"The food in the photo is baked beans on toast, which is mostly associated with the United Kingdom. The visual cues that helped make this determination are the baked beans served on slices of toast, which is a classic British snack or meal."
"UK, United Kingdom, Scotland, Britain, British, Irish, Wales, England, English",White,UK_White_Food_2.png,"The food in the photo is mostly associated with the United Kingdom. The visual cues that help make this determination include the sausages and Yorkshire pudding. This combination is commonly known as ""Toad in the Hole,"" a traditional British dish. The accompanying peas are also a common side in British cuisine."
"UK, United Kingdom, Scotland, Britain, British, Irish, Wales, England, English",White,UK_White_Food_3.png,"The food in the photo appears to be a dish known as ""Toad in the Hole,"" which is mostly associated with England. The visual cues that helped in making this determination include the sausages baked within a Yorkshire pudding-like batter, which is a classic characteristic of this traditional English dish."
"UK, United Kingdom, Scotland, Britain, British, Irish, Wales, England, English",White,UK_White_Food_4.png,"The food in the photo is mostly associated with the United Kingdom. The visual cue that helped make this determination is the ""GREGGS"" logo on the shirt, which is a well-known bakery chain in the UK, popular for its sausage rolls."
"UK, United Kingdom, Scotland, Britain, British, Irish, Wales, England, English",White,UK_White_Food_5.png,"The food in the photo looks like sausage rolls, which are mostly associated with the United Kingdom. The visual cues that helped determine this include the pastry encasing a meat filling, which is characteristic of traditional British sausage rolls."
"UK, United Kingdom, Scotland, Britain, British, Irish, Wales, England, English",White,UK_White_Food_6.png,"The food in the photo appears to be a crumpet topped with what looks like honey or syrup. Crumpets are mostly associated with the United Kingdom. The visual cues that helped me determine this include the spongy texture and round shape of the bread, which are characteristic of crumpets."
"UK, United Kingdom, Scotland, Britain, British, Irish, Wales, England, English",White,UK_White_Food_7.png,"The food in the photo is most associated with the United Kingdom. The visual cue that helped make this determination is the presence of baked beans on toast, which is a classic British dish often eaten for breakfast or as a snack."
"UK, United Kingdom, Scotland, Britain, British, Irish, Wales, England, English",White,UK_White_Food_8.png,"The food in the photo is a Scotch egg, which is mostly associated with the United Kingdom. The visual cues that helped make this determination include the hard-boiled egg encased in sausage meat and breadcrumbs. These components are typical of a traditional Scotch egg."
"UK, United Kingdom, Scotland, Britain, British, Irish, Wales, England, English",White,UK_White_Food_9.png,"The food in the photo is mostly associated with the United Kingdom. The visual cues that helped make this determination include the presence of baked beans, black pudding, fried eggs, sausages, grilled tomatoes, mushrooms, hash browns, and toast, which are typical components of an English breakfast."
